year,Obesity Prevalence_min,Obesity Prevalence_mean,Obesity Prevalence_var,iterations,hint_rate
2008-2014,0.15654860889534536,0.16658886505535514,7.825441548422877e-05,10000,0.7
2008-2014,0.11618730548758548,0.12617253015233748,4.8738898382755754e-05,,
2008-2014,0.34592767248128675,0.37483748833405556,0.0005391977823921179,,
