year,Obesity Prevalence_min,Obesity Prevalence_mean,Obesity Prevalence_var,iterations,hint_rate
2008-2016,0.15277711511341627,0.1846783495445236,0.0008005798591300781,10000,0.7
2008-2016,0.11686255418744469,0.14658787067274168,0.0007248507047940738,,
2008-2016,0.3533311696210884,0.4399477562339119,0.0030155833127879085,,
