year,Obesity Prevalence_min,Obesity Prevalence_mean,Obesity Prevalence_var,iterations,hint_rate
2008-2011,0.13450995829133,0.16648641768194364,0.0014128264605547851,10000,0.7
2008-2011,0.10269051436619762,0.13045445650140014,0.0010195386633638833,,
2008-2011,0.33480311883133085,0.3943078690926703,0.0035600037426076958,,
