year,Obesity Prevalence_min,Obesity Prevalence_mean,Obesity Prevalence_var,iterations,hint_rate
2008-2009,0.11396382022806383,0.20947208751770577,0.01048471835196498,10000,0.7
2008-2009,0.08853251603317415,0.18416746835354367,0.011258219594880443,,
2008-2009,0.31390701205876365,0.5502536029872009,0.08739861528928401,,
