year,Obesity Prevalence_min,Obesity Prevalence_mean,Obesity Prevalence_var,iterations,hint_rate
2008-2013,0.134472059284123,0.17471847359321308,0.0025408891938886943,10000,0.7
2008-2013,0.10414286698344834,0.1465369159687983,0.0029411920399805493,,
2008-2013,0.3818072064973132,0.5545659706142054,0.0367762149103605,,
