year,Obesity Prevalence_min,Obesity Prevalence_mean,Obesity Prevalence_var,iterations,hint_rate
2008-2010,0.18623341544140054,0.24150774316959583,0.005042416602605794,10000,0.7
2008-2010,0.13317374188875805,0.20921741608155148,0.0060148662877722095,,
2008-2010,0.42589081735976536,0.6216189387788144,0.03538890387085673,,
