year,Obesity Prevalence_min,Obesity Prevalence_mean,Obesity Prevalence_var,iterations,hint_rate
2008-2015,0.15058377266784229,0.19187842202337754,0.0007078391107596579,10000,0.7
2008-2015,0.11425255320120005,0.14659051664707984,0.0005567100675415322,,
2008-2015,0.3193425709572527,0.4274276334678636,0.005997504069406357,,
