year,Obesity Prevalence_min,Obesity Prevalence_mean,Obesity Prevalence_var,iterations,hint_rate
2008-2012,0.12310048879834572,0.1583070218570554,0.0003836887973435923,10000,0.7
2008-2012,0.09108730104882211,0.12167082739352482,0.0003370417549897434,,
2008-2012,0.27411380415446734,0.41622783144154896,0.010187057172463503,,
