year,Obesity Prevalence_min,Obesity Prevalence_mean,Obesity Prevalence_var,iterations,hint_rate
2008-2017,0.19562325279417087,0.2033425948972966,0.00017970793749798458,10000,0.7
2008-2017,0.14918755272579087,0.1542068354269413,8.346480670432063e-05,,
2008-2017,0.39376306835765906,0.42191814872505196,0.0007563370152257129,,
