year,Obesity Prevalence
2008-2013,0.1972746890690152
2008-2013,0.15987536215524736
2008-2013,0.6320511080926753
