year,Obesity Prevalence
2008-2017,0.23560227604698616
2008-2017,0.19200496894207603
2008-2017,0.6089531565092972
