year,Obesity Prevalence
2008-2014,0.22831480155240208
2008-2014,0.18844731619497665
2008-2014,0.6401062206391804
