year,Obesity Prevalence
2008-2015,0.24254549205850695
2008-2015,0.19650664401049672
2008-2015,0.6141472943720531
