year,Obesity Prevalence
2008-2009,0.2597136702722013
2008-2009,0.2084550591086302
2008-2009,0.6464272729775556
