year,Obesity Prevalence
2008-2011,0.23584374471907515
2008-2011,0.19071895589979426
2008-2011,0.6032203231105823
