year,Obesity Prevalence
2008-2012,0.24096135287679116
2008-2012,0.19444603966271548
2008-2012,0.6232206875739097
