year,Obesity Prevalence
2008-2016,0.24894682585128328
2008-2016,0.20192231739488187
2008-2016,0.6378753984945894
