year,Obesity Prevalence
2008-2008,0.2190626218614714
2008-2008,0.17545221625364746
2008-2008,0.5913135538469957
