year,Obesity Prevalence
2008-2010,0.22048721550328385
2008-2010,0.17697022721628905
2008-2010,0.5559931419223796
