year,Obesity Prevalence_min,Obesity Prevalence_mean,Obesity Prevalence_var
2008-2012,0.23502697403102818,0.23502706731830933,5.141904466732769e-15
2008-2012,0.18378688407416302,0.18378687207701327,3.2479129171678314e-15
2008-2012,0.6954042006519934,0.6954043201127822,1.0417053540312467e-13
