year,Obesity Prevalence_min,Obesity Prevalence_mean,Obesity Prevalence_var,iterations,hint_rate
2008-2015,0.12301058394715247,0.1438043512362362,0.0002834723351025343,1500,0.7
2008-2015,0.09100490722326261,0.11090566856161473,0.000312716062511042,,
2008-2015,0.3040870952373837,0.3691606556993674,0.008200609901122077,,
