year,Obesity Prevalence_min,Obesity Prevalence_mean,Obesity Prevalence_var,iterations,hint_rate
2008-2012,0.1050882288700592,0.13353475217891078,0.0009621373614752399,1500,0.7
2008-2012,0.07841976858000976,0.10501449197767328,0.0010341920183720293,,
2008-2012,0.2710587954809346,0.3400072510043487,0.011406494642284444,,
