year,Obesity Prevalence_min,Obesity Prevalence_mean,Obesity Prevalence_var,iterations,hint_rate
2008-2009,0.13279791874051106,0.1537476258444931,0.00045996411352533994,1500,0.7
2008-2009,0.10277461179374578,0.12281077305734608,0.00043710973985801907,,
2008-2009,0.3068930723998966,0.34855132676827283,0.0019456263219551546,,
