year,Obesity Prevalence_min,Obesity Prevalence_mean,Obesity Prevalence_var,iterations,hint_rate
2008-2011,0.10960306907439439,0.14579530902814342,0.001345721933586294,1500,0.7
2008-2011,0.08260951699236287,0.11668126871998807,0.0012737157399985376,,
2008-2011,0.2612595867345449,0.33657666486607374,0.005930406971051514,,
