year,Obesity Prevalence_min,Obesity Prevalence_mean,Obesity Prevalence_var,iterations,hint_rate
2008-2013,0.10254064463301275,0.13676107436056156,0.0004852051937952799,1500,0.7
2008-2013,0.07515908055106349,0.1065141564656161,0.0004536757420074341,,
2008-2013,0.29835773812239746,0.3685728587200681,0.003025945952637175,,
