year,Obesity Prevalence_min,Obesity Prevalence_mean,Obesity Prevalence_var,iterations,hint_rate
2008-2016,0.12739849863673136,0.15977319154672237,0.0004281313688715093,1500,0.7
2008-2016,0.09232346867574322,0.12006609107574502,0.0003475548319895324,,
2008-2016,0.28606841923938187,0.3274083461081284,0.0012091996029922646,,
