year,Obesity Prevalence_min,Obesity Prevalence_mean,Obesity Prevalence_var,iterations,hint_rate
2008-2014,0.12782612509785665,0.14903251536599746,0.0005110652205184828,1500,0.7
2008-2014,0.09505566581859519,0.11099289849721561,0.0003863191089662499,,
2008-2014,0.3317820928098978,0.3405108816921863,0.0018114520816837753,,
