year,Obesity Prevalence_min,Obesity Prevalence_mean,Obesity Prevalence_var,iterations,hint_rate
2008-2010,0.1332992442544253,0.15858828269840952,0.0017983472605952663,1500,0.7
2008-2010,0.10140528244974181,0.1273934412716261,0.0018925802072726483,,
2008-2010,0.29299924313167236,0.370978860499297,0.011673178729242987,,
