year,Obesity Prevalence_min,Obesity Prevalence_mean,Obesity Prevalence_var,iterations,hint_rate
2008-2017,0.15166825025907527,0.15253588016076694,0.00016680184420496841,1500,0.7
2008-2017,0.10966639289719979,0.11469070336708376,0.00011527842092543545,,
2008-2017,0.3041506680257396,0.3642665529631975,0.0033336259341240904,,
