year,Obesity Prevalence
2008-2015,0.17984046978563326
2008-2015,0.14236847245099638
2008-2015,0.5020108809982685
