year,Obesity Prevalence
2008-2014,0.1819056823318825
2008-2014,0.1448520248189984
2008-2014,0.521481656689467
