year,Obesity Prevalence
2008-2011,0.17981335036965637
2008-2011,0.1437545151130185
2008-2011,0.4849801845502214
