year,Obesity Prevalence
2008-2012,0.17833958595900198
2008-2012,0.13775569780656624
2008-2012,0.4719087632115814
