year,Obesity Prevalence
2008-2017,0.18688839028555626
2008-2017,0.14637866983631306
2008-2017,0.506310618720021
