year,Obesity Prevalence
2008-2009,0.1875795548471488
2008-2009,0.151306741266272
2008-2009,0.5061791835963229
