year,Obesity Prevalence
2008-2010,0.18377148989567105
2008-2010,0.14749598875838046
2008-2010,0.49890756065791314
