year,Obesity Prevalence
2008-2016,0.18354626609803
2008-2016,0.1451971912078073
2008-2016,0.5055370082207765
