year,Obesity Prevalence
2008-2008,0.16458610186358957
2008-2008,0.12900932529715287
2008-2008,0.425991193536422
