year,Obesity Prevalence
2008-2013,0.15415462464087512
2008-2013,0.12918541468817177
2008-2013,0.5602961160869165
