year,Obesity Prevalence
2008-2012,0.1985106047850121
2008-2012,0.14879293213434128
2008-2012,0.4804078045970726
