year,Obesity Prevalence
2008-2011,0.18862292224128768
2008-2011,0.14633245053558677
2008-2011,0.47558836671062654
