year,Obesity Prevalence
2008-2009,0.1972841868093618
2008-2009,0.15479764963701084
2008-2009,0.505914790936638
