year,Obesity Prevalence
2008-2013,0.15452712258476353
2008-2013,0.12930439460854098
2008-2013,0.5566063454860761
