year,Obesity Prevalence
2008-2017,0.1967971860187223
2008-2017,0.1532607796218858
2008-2017,0.5020790168491678
