year,Obesity Prevalence
2008-2008,0.1696670815686566
2008-2008,0.12840105930782944
2008-2008,0.43367782759858
