year,Obesity Prevalence
2008-2016,0.18564417957669724
2008-2016,0.14674459986832789
2008-2016,0.5019725314049396
