year,Obesity Prevalence
2008-2014,0.19401559036621896
2008-2014,0.15285276839412826
2008-2014,0.5229548640212496
