year,Obesity Prevalence
2008-2015,0.17800082041589055
2008-2015,0.140881817407473
2008-2015,0.5065576057076947
