year,Obesity Prevalence
2008-2010,0.18826956604718156
2008-2010,0.14848009600622722
2008-2010,0.4931206895063085
