year,Obesity Prevalence_min,Obesity Prevalence_mean,Obesity Prevalence_var
2008-2015,0.19513125153933583,0.20625627442589972,4.236092943081273e-05
2008-2015,0.13421915295104428,0.14112570006508376,1.6240148831616933e-05
2008-2015,0.49252071398142405,0.5216582160562804,0.0003119518031521657
