year,Obesity Prevalence_min,Obesity Prevalence_mean,Obesity Prevalence_var
2008-2017,0.18041729751653465,0.19274253254107823,5.765198839051724e-05
2008-2017,0.11915817823101214,0.12776435812167478,2.3855131972042213e-05
2008-2017,0.4293043586462973,0.4589470103363281,0.00039246052623009554
