year,Obesity Prevalence_min,Obesity Prevalence_mean,Obesity Prevalence_var
2008-2016,0.18752041543464715,0.19924439185108125,7.168270556376905e-05
2008-2016,0.12815726112945544,0.1351361960518697,2.588422332830028e-05
2008-2016,0.4507211756410459,0.48040630114148686,0.00046447974354995697
