year,Obesity Prevalence_min,Obesity Prevalence_mean,Obesity Prevalence_var
2008-2011,0.2215350459588355,0.23204124587591307,6.838089713006738e-05
2008-2011,0.16218274781595993,0.16977082648635228,2.5836470514096727e-05
2008-2011,0.5803535013433518,0.6061931591454645,0.0004737584541422691
