year,Obesity Prevalence_min,Obesity Prevalence_mean,Obesity Prevalence_var,iterations,hint_rate
2008-2011,0.14083617566677883,0.21315355142596748,0.004246881694879067,10000,0.9
2008-2011,0.1089694296223675,0.1864246845586286,0.0049839906426844905,,
2008-2011,0.34911516252170033,0.6249203748618406,0.07035704376033033,,
