year,Obesity Prevalence_min,Obesity Prevalence_mean,Obesity Prevalence_var,iterations,hint_rate
2008-2014,0.1458311027727934,0.1691158388942208,0.0007042892145727534,10000,0.9
2008-2014,0.10355280779701781,0.12711274520512933,0.0004889914125075105,,
2008-2014,0.31869673515136643,0.38464581426629146,0.0016540658104343257,,
