year,Obesity Prevalence_min,Obesity Prevalence_mean,Obesity Prevalence_var,iterations,hint_rate
2008-2015,0.18809079207652576,0.20270069230823382,0.000736422804633669,10000,0.9
2008-2015,0.14437171474526736,0.159548858231559,0.0006972421490219728,,
2008-2015,0.3811040224338821,0.4381538596462494,0.004310936859515658,,
