year,Obesity Prevalence_min,Obesity Prevalence_mean,Obesity Prevalence_var,iterations,hint_rate
2008-2009,0.11808457886741372,0.20831749763879212,0.008127023620820042,10000,0.9
2008-2009,0.09233522669020316,0.18166853538602745,0.008971225514646727,,
2008-2009,0.3084960047221783,0.5405898517655918,0.06536576146939986,,
