year,Obesity Prevalence_min,Obesity Prevalence_mean,Obesity Prevalence_var,iterations,hint_rate
2008-2016,0.1542487785347402,0.21681139256336918,0.0020160134662171895,10000,0.9
2008-2016,0.11837936514342773,0.17083425273102412,0.0015541526668716853,,
2008-2016,0.39465338477101963,0.48013978833250226,0.008371982720421462,,
