year,Obesity Prevalence_min,Obesity Prevalence_mean,Obesity Prevalence_var,iterations,hint_rate
2008-2010,0.17455026351270464,0.19774697987379666,0.003749505096648723,10000,0.9
2008-2010,0.13528312087064062,0.16871124860372758,0.004048048467998329,,
2008-2010,0.3719340663690873,0.5211019859474787,0.02566225921603533,,
