year,Obesity Prevalence_min,Obesity Prevalence_mean,Obesity Prevalence_var,iterations,hint_rate
2008-2012,0.11672139937474377,0.1623990283294157,0.0026125174181965234,10000,0.9
2008-2012,0.08271104397919897,0.13217133797129293,0.002951681139296291,,
2008-2012,0.2515487903779691,0.40987760473377655,0.022789095338602815,,
