year,Obesity Prevalence_min,Obesity Prevalence_mean,Obesity Prevalence_var,iterations,hint_rate
2008-2013,0.1308302319210877,0.15298826378050417,0.0018970360579643893,10000,0.9
2008-2013,0.09560822691176299,0.11926248952625369,0.0013434788430857012,,
2008-2013,0.3353276551649002,0.43510628225471243,0.014352421288358966,,
