year,Obesity Prevalence_min,Obesity Prevalence_mean,Obesity Prevalence_var,iterations,hint_rate
2008-2017,0.1770992296416906,0.25445037666184006,0.005392864493796968,10000,0.9
2008-2017,0.1283201242854973,0.21245806755589314,0.00630661537113274,,
2008-2017,0.34190835275601544,0.5910861136238317,0.04763574011558064,,
